<?xml version="1.0"?>
<doc>
    <assembly>
        <name>06.0 Console As Library.1.0.0.0.Fakes</name>
    </assembly>
    <members>
        <member name="T:_06._0_Console_As_Library.Fakes.ShimCan">
            <summary>Shim type of _06._0_Console_As_Library.Can</summary>
        </member>
        <member name="M:_06._0_Console_As_Library.Fakes.ShimCan.#ctor">
            <summary>Initializes a new shim instance</summary>
        </member>
        <member name="M:_06._0_Console_As_Library.Fakes.ShimCan.#ctor(_06._0_Console_As_Library.Can)">
            <summary>Initializes a new shim for the given instance</summary>
        </member>
        <member name="M:_06._0_Console_As_Library.Fakes.ShimCan.BehaveAsCurrent">
            <summary>Assigns the &apos;Current&apos; behavior for all methods of the shimmed type</summary>
        </member>
        <member name="M:_06._0_Console_As_Library.Fakes.ShimCan.BehaveAsNotImplemented">
            <summary>Assigns the &apos;NotImplemented&apos; behavior for all methods of the shimmed type</summary>
        </member>
        <member name="P:_06._0_Console_As_Library.Fakes.ShimCan.Behavior">
            <summary>Assigns the behavior for all methods of the shimmed type</summary>
        </member>
        <member name="P:_06._0_Console_As_Library.Fakes.ShimCan.Constructor">
            <summary>Sets the shim of Can.Can()</summary>
        </member>
        <member name="P:_06._0_Console_As_Library.Fakes.ShimCan.ConstructorFlavor">
            <summary>Sets the shim of Can.Can(Flavor AFlavor)</summary>
        </member>
        <member name="T:_06._0_Console_As_Library.Fakes.ShimCan.AllInstances">
            <summary>Define shims for all instances members</summary>
        </member>
        <member name="T:_06._0_Console_As_Library.Fakes.ShimCanRack">
            <summary>Shim type of _06._0_Console_As_Library.CanRack</summary>
        </member>
        <member name="M:_06._0_Console_As_Library.Fakes.ShimCanRack.#ctor">
            <summary>Initializes a new shim instance</summary>
        </member>
        <member name="M:_06._0_Console_As_Library.Fakes.ShimCanRack.#ctor(_06._0_Console_As_Library.CanRack)">
            <summary>Initializes a new shim for the given instance</summary>
        </member>
        <member name="M:_06._0_Console_As_Library.Fakes.ShimCanRack.BehaveAsCurrent">
            <summary>Assigns the &apos;Current&apos; behavior for all methods of the shimmed type</summary>
        </member>
        <member name="M:_06._0_Console_As_Library.Fakes.ShimCanRack.BehaveAsNotImplemented">
            <summary>Assigns the &apos;NotImplemented&apos; behavior for all methods of the shimmed type</summary>
        </member>
        <member name="P:_06._0_Console_As_Library.Fakes.ShimCanRack.AddACanOfFlavor">
            <summary>Sets the shim of CanRack.AddACanOf(Flavor FlavorOfCanToBeAdded)</summary>
        </member>
        <member name="P:_06._0_Console_As_Library.Fakes.ShimCanRack.AddACanOfString">
            <summary>Sets the shim of CanRack.AddACanOf(String FlavorOfCanToBeAdded)</summary>
        </member>
        <member name="P:_06._0_Console_As_Library.Fakes.ShimCanRack.Behavior">
            <summary>Assigns the behavior for all methods of the shimmed type</summary>
        </member>
        <member name="P:_06._0_Console_As_Library.Fakes.ShimCanRack.Constructor">
            <summary>Sets the shim of CanRack.CanRack()</summary>
        </member>
        <member name="P:_06._0_Console_As_Library.Fakes.ShimCanRack.DisplayCanRack">
            <summary>Sets the shim of CanRack.DisplayCanRack()</summary>
        </member>
        <member name="P:_06._0_Console_As_Library.Fakes.ShimCanRack.EmptyCanRackOfFlavor">
            <summary>Sets the shim of CanRack.EmptyCanRackOf(Flavor FlavorOfBinToBeEmptied)</summary>
        </member>
        <member name="P:_06._0_Console_As_Library.Fakes.ShimCanRack.EmptyCanRackOfString">
            <summary>Sets the shim of CanRack.EmptyCanRackOf(String FlavorOfBinToBeEmptied)</summary>
        </member>
        <member name="P:_06._0_Console_As_Library.Fakes.ShimCanRack.FillTheCanRack">
            <summary>Sets the shim of CanRack.FillTheCanRack()</summary>
        </member>
        <member name="P:_06._0_Console_As_Library.Fakes.ShimCanRack.IsEmptyFlavor">
            <summary>Sets the shim of CanRack.IsEmpty(Flavor FlavorOfBinToBeChecked)</summary>
        </member>
        <member name="P:_06._0_Console_As_Library.Fakes.ShimCanRack.IsEmptyString">
            <summary>Sets the shim of CanRack.IsEmpty(String FlavorOfBinToBeChecked)</summary>
        </member>
        <member name="P:_06._0_Console_As_Library.Fakes.ShimCanRack.IsFullFlavor">
            <summary>Sets the shim of CanRack.IsFull(Flavor FlavorOfBinToBeChecked)</summary>
        </member>
        <member name="P:_06._0_Console_As_Library.Fakes.ShimCanRack.IsFullString">
            <summary>Sets the shim of CanRack.IsFull(String FlavorOfBinToBeChecked)</summary>
        </member>
        <member name="P:_06._0_Console_As_Library.Fakes.ShimCanRack.ItemGetFlavor">
            <summary>Sets the shim of CanRack.get_Item(Flavor FlavorOfBin)</summary>
        </member>
        <member name="P:_06._0_Console_As_Library.Fakes.ShimCanRack.ItemSetFlavorInt32">
            <summary>Sets the shim of CanRack.set_Item(Flavor FlavorOfBin, Int32 value)</summary>
        </member>
        <member name="P:_06._0_Console_As_Library.Fakes.ShimCanRack.RemoveACanOfFlavor">
            <summary>Sets the shim of CanRack.RemoveACanOf(Flavor FlavorOfCanToBeRemoved)</summary>
        </member>
        <member name="P:_06._0_Console_As_Library.Fakes.ShimCanRack.RemoveACanOfString">
            <summary>Sets the shim of CanRack.RemoveACanOf(String FlavorOfCanToBeRemoved)</summary>
        </member>
        <member name="T:_06._0_Console_As_Library.Fakes.ShimCanRack.AllInstances">
            <summary>Define shims for all instances members</summary>
        </member>
        <member name="P:_06._0_Console_As_Library.Fakes.ShimCanRack.AllInstances.AddACanOfFlavor">
            <summary>Sets the shim of CanRack.AddACanOf(Flavor FlavorOfCanToBeAdded)</summary>
        </member>
        <member name="P:_06._0_Console_As_Library.Fakes.ShimCanRack.AllInstances.AddACanOfString">
            <summary>Sets the shim of CanRack.AddACanOf(String FlavorOfCanToBeAdded)</summary>
        </member>
        <member name="P:_06._0_Console_As_Library.Fakes.ShimCanRack.AllInstances.DisplayCanRack">
            <summary>Sets the shim of CanRack.DisplayCanRack()</summary>
        </member>
        <member name="P:_06._0_Console_As_Library.Fakes.ShimCanRack.AllInstances.EmptyCanRackOfFlavor">
            <summary>Sets the shim of CanRack.EmptyCanRackOf(Flavor FlavorOfBinToBeEmptied)</summary>
        </member>
        <member name="P:_06._0_Console_As_Library.Fakes.ShimCanRack.AllInstances.EmptyCanRackOfString">
            <summary>Sets the shim of CanRack.EmptyCanRackOf(String FlavorOfBinToBeEmptied)</summary>
        </member>
        <member name="P:_06._0_Console_As_Library.Fakes.ShimCanRack.AllInstances.FillTheCanRack">
            <summary>Sets the shim of CanRack.FillTheCanRack()</summary>
        </member>
        <member name="P:_06._0_Console_As_Library.Fakes.ShimCanRack.AllInstances.IsEmptyFlavor">
            <summary>Sets the shim of CanRack.IsEmpty(Flavor FlavorOfBinToBeChecked)</summary>
        </member>
        <member name="P:_06._0_Console_As_Library.Fakes.ShimCanRack.AllInstances.IsEmptyString">
            <summary>Sets the shim of CanRack.IsEmpty(String FlavorOfBinToBeChecked)</summary>
        </member>
        <member name="P:_06._0_Console_As_Library.Fakes.ShimCanRack.AllInstances.IsFullFlavor">
            <summary>Sets the shim of CanRack.IsFull(Flavor FlavorOfBinToBeChecked)</summary>
        </member>
        <member name="P:_06._0_Console_As_Library.Fakes.ShimCanRack.AllInstances.IsFullString">
            <summary>Sets the shim of CanRack.IsFull(String FlavorOfBinToBeChecked)</summary>
        </member>
        <member name="P:_06._0_Console_As_Library.Fakes.ShimCanRack.AllInstances.ItemGetFlavor">
            <summary>Sets the shim of CanRack.get_Item(Flavor FlavorOfBin)</summary>
        </member>
        <member name="P:_06._0_Console_As_Library.Fakes.ShimCanRack.AllInstances.ItemSetFlavorInt32">
            <summary>Sets the shim of CanRack.set_Item(Flavor FlavorOfBin, Int32 value)</summary>
        </member>
        <member name="P:_06._0_Console_As_Library.Fakes.ShimCanRack.AllInstances.RemoveACanOfFlavor">
            <summary>Sets the shim of CanRack.RemoveACanOf(Flavor FlavorOfCanToBeRemoved)</summary>
        </member>
        <member name="P:_06._0_Console_As_Library.Fakes.ShimCanRack.AllInstances.RemoveACanOfString">
            <summary>Sets the shim of CanRack.RemoveACanOf(String FlavorOfCanToBeRemoved)</summary>
        </member>
        <member name="T:_06._0_Console_As_Library.Fakes.ShimCoin">
            <summary>Shim type of _06._0_Console_As_Library.Coin</summary>
        </member>
        <member name="M:_06._0_Console_As_Library.Fakes.ShimCoin.#ctor">
            <summary>Initializes a new shim instance</summary>
        </member>
        <member name="M:_06._0_Console_As_Library.Fakes.ShimCoin.#ctor(_06._0_Console_As_Library.Coin)">
            <summary>Initializes a new shim for the given instance</summary>
        </member>
        <member name="M:_06._0_Console_As_Library.Fakes.ShimCoin.BehaveAsCurrent">
            <summary>Assigns the &apos;Current&apos; behavior for all methods of the shimmed type</summary>
        </member>
        <member name="M:_06._0_Console_As_Library.Fakes.ShimCoin.BehaveAsNotImplemented">
            <summary>Assigns the &apos;NotImplemented&apos; behavior for all methods of the shimmed type</summary>
        </member>
        <member name="P:_06._0_Console_As_Library.Fakes.ShimCoin.AllDenominationsGet">
            <summary>Sets the shim of Coin.get_AllDenominations()</summary>
        </member>
        <member name="P:_06._0_Console_As_Library.Fakes.ShimCoin.Behavior">
            <summary>Assigns the behavior for all methods of the shimmed type</summary>
        </member>
        <member name="P:_06._0_Console_As_Library.Fakes.ShimCoin.Constructor">
            <summary>Sets the shim of Coin.Coin()</summary>
        </member>
        <member name="P:_06._0_Console_As_Library.Fakes.ShimCoin.ConstructorCoinDenomination">
            <summary>Sets the shim of Coin.Coin(Denomination DenominationEnumeral)</summary>
        </member>
        <member name="P:_06._0_Console_As_Library.Fakes.ShimCoin.ConstructorDecimal">
            <summary>Sets the shim of Coin.Coin(Decimal CoinValue)</summary>
        </member>
        <member name="P:_06._0_Console_As_Library.Fakes.ShimCoin.ConstructorString">
            <summary>Sets the shim of Coin.Coin(String CoinName)</summary>
        </member>
        <member name="P:_06._0_Console_As_Library.Fakes.ShimCoin.ConvertStringToEnumeralString">
            <summary>Sets the shim of Coin.ConvertStringToEnumeral(String CoinName)</summary>
        </member>
        <member name="P:_06._0_Console_As_Library.Fakes.ShimCoin.DenominationEnumeralGet">
            <summary>Sets the shim of Coin.get_DenominationEnumeral()</summary>
        </member>
        <member name="P:_06._0_Console_As_Library.Fakes.ShimCoin.StaticConstructor">
            <summary>Sets the shim of Coin.Coin()</summary>
        </member>
        <member name="P:_06._0_Console_As_Library.Fakes.ShimCoin.ToString">
            <summary>Sets the shim of Coin.ToString()</summary>
        </member>
        <member name="P:_06._0_Console_As_Library.Fakes.ShimCoin.ValueOfCoinCoinDenomination">
            <summary>Sets the shim of Coin.ValueOfCoin(Denomination denominationEnumeral)</summary>
        </member>
        <member name="P:_06._0_Console_As_Library.Fakes.ShimCoin.ValueOfGet">
            <summary>Sets the shim of Coin.get_ValueOf()</summary>
        </member>
        <member name="P:_06._0_Console_As_Library.Fakes.ShimCoin.convertEnumeralToDecimalCoinDenomination">
            <summary>Sets the shim of Coin.convertEnumeralToDecimal(Denomination denominationEnumeral)</summary>
        </member>
        <member name="T:_06._0_Console_As_Library.Fakes.ShimCoin.AllInstances">
            <summary>Define shims for all instances members</summary>
        </member>
        <member name="P:_06._0_Console_As_Library.Fakes.ShimCoin.AllInstances.DenominationEnumeralGet">
            <summary>Sets the shim of Coin.get_DenominationEnumeral()</summary>
        </member>
        <member name="P:_06._0_Console_As_Library.Fakes.ShimCoin.AllInstances.ToString01">
            <summary>Sets the shim of Coin.ToString()</summary>
        </member>
        <member name="P:_06._0_Console_As_Library.Fakes.ShimCoin.AllInstances.ValueOfGet">
            <summary>Sets the shim of Coin.get_ValueOf()</summary>
        </member>
        <member name="T:_06._0_Console_As_Library.Fakes.ShimCoinBox">
            <summary>Shim type of _06._0_Console_As_Library.CoinBox</summary>
        </member>
        <member name="M:_06._0_Console_As_Library.Fakes.ShimCoinBox.#ctor">
            <summary>Initializes a new shim instance</summary>
        </member>
        <member name="M:_06._0_Console_As_Library.Fakes.ShimCoinBox.#ctor(_06._0_Console_As_Library.CoinBox)">
            <summary>Initializes a new shim for the given instance</summary>
        </member>
        <member name="M:_06._0_Console_As_Library.Fakes.ShimCoinBox.BehaveAsCurrent">
            <summary>Assigns the &apos;Current&apos; behavior for all methods of the shimmed type</summary>
        </member>
        <member name="M:_06._0_Console_As_Library.Fakes.ShimCoinBox.BehaveAsNotImplemented">
            <summary>Assigns the &apos;NotImplemented&apos; behavior for all methods of the shimmed type</summary>
        </member>
        <member name="P:_06._0_Console_As_Library.Fakes.ShimCoinBox.Behavior">
            <summary>Assigns the behavior for all methods of the shimmed type</summary>
        </member>
        <member name="P:_06._0_Console_As_Library.Fakes.ShimCoinBox.CanMakeChangeGet">
            <summary>Sets the shim of CoinBox.get_CanMakeChange()</summary>
        </member>
        <member name="P:_06._0_Console_As_Library.Fakes.ShimCoinBox.Constructor">
            <summary>Sets the shim of CoinBox.CoinBox()</summary>
        </member>
        <member name="P:_06._0_Console_As_Library.Fakes.ShimCoinBox.ConstructorListOfCoin">
            <summary>Sets the shim of CoinBox.CoinBox(List`1&lt;Coin&gt; SeedMoney)</summary>
        </member>
        <member name="P:_06._0_Console_As_Library.Fakes.ShimCoinBox.ContainsExactChangeForDecimal">
            <summary>Sets the shim of CoinBox.ContainsExactChangeFor(Decimal Amount)</summary>
        </member>
        <member name="P:_06._0_Console_As_Library.Fakes.ShimCoinBox.DepositCoin">
            <summary>Sets the shim of CoinBox.Deposit(Coin ACoin)</summary>
        </member>
        <member name="P:_06._0_Console_As_Library.Fakes.ShimCoinBox.DimeCountGet">
            <summary>Sets the shim of CoinBox.get_DimeCount()</summary>
        </member>
        <member name="P:_06._0_Console_As_Library.Fakes.ShimCoinBox.HalfDollarCountGet">
            <summary>Sets the shim of CoinBox.get_HalfDollarCount()</summary>
        </member>
        <member name="P:_06._0_Console_As_Library.Fakes.ShimCoinBox.NickelCountGet">
            <summary>Sets the shim of CoinBox.get_NickelCount()</summary>
        </member>
        <member name="P:_06._0_Console_As_Library.Fakes.ShimCoinBox.QuarterCountGet">
            <summary>Sets the shim of CoinBox.get_QuarterCount()</summary>
        </member>
        <member name="P:_06._0_Console_As_Library.Fakes.ShimCoinBox.SlugCountGet">
            <summary>Sets the shim of CoinBox.get_SlugCount()</summary>
        </member>
        <member name="P:_06._0_Console_As_Library.Fakes.ShimCoinBox.StaticConstructor">
            <summary>Sets the shim of CoinBox.CoinBox()</summary>
        </member>
        <member name="P:_06._0_Console_As_Library.Fakes.ShimCoinBox.TransferCoinBox">
            <summary>Sets the shim of CoinBox.Transfer(CoinBox Destination)</summary>
        </member>
        <member name="P:_06._0_Console_As_Library.Fakes.ShimCoinBox.TransferCoinBoxDecimalBoolean">
            <summary>Sets the shim of CoinBox.Transfer(CoinBox Destination, Decimal Amount, Boolean ExceedIfRequired)</summary>
        </member>
        <member name="P:_06._0_Console_As_Library.Fakes.ShimCoinBox.ValueOfGet">
            <summary>Sets the shim of CoinBox.get_ValueOf()</summary>
        </member>
        <member name="P:_06._0_Console_As_Library.Fakes.ShimCoinBox.WithdrawCoinDenomination">
            <summary>Sets the shim of CoinBox.Withdraw(Denomination ACoinDenomination)</summary>
        </member>
        <member name="P:_06._0_Console_As_Library.Fakes.ShimCoinBox.WithdrawDecimal">
            <summary>Sets the shim of CoinBox.Withdraw(Decimal AmountToRemove)</summary>
        </member>
        <member name="P:_06._0_Console_As_Library.Fakes.ShimCoinBox.coinCountCoinDenomination">
            <summary>Sets the shim of CoinBox.coinCount(Denomination denominationEnumeral)</summary>
        </member>
        <member name="P:_06._0_Console_As_Library.Fakes.ShimCoinBox.removeCoinDenomiationDecimalCoinDenomination">
            <summary>Sets the shim of CoinBox.removeCoinDenomiation(Decimal AmountToRemove, Denomination denominationEnumeral)</summary>
        </member>
        <member name="T:_06._0_Console_As_Library.Fakes.ShimCoinBox.AllInstances">
            <summary>Define shims for all instances members</summary>
        </member>
        <member name="P:_06._0_Console_As_Library.Fakes.ShimCoinBox.AllInstances.CanMakeChangeGet">
            <summary>Sets the shim of CoinBox.get_CanMakeChange()</summary>
        </member>
        <member name="P:_06._0_Console_As_Library.Fakes.ShimCoinBox.AllInstances.ContainsExactChangeForDecimal">
            <summary>Sets the shim of CoinBox.ContainsExactChangeFor(Decimal Amount)</summary>
        </member>
        <member name="P:_06._0_Console_As_Library.Fakes.ShimCoinBox.AllInstances.DepositCoin">
            <summary>Sets the shim of CoinBox.Deposit(Coin ACoin)</summary>
        </member>
        <member name="P:_06._0_Console_As_Library.Fakes.ShimCoinBox.AllInstances.DimeCountGet">
            <summary>Sets the shim of CoinBox.get_DimeCount()</summary>
        </member>
        <member name="P:_06._0_Console_As_Library.Fakes.ShimCoinBox.AllInstances.HalfDollarCountGet">
            <summary>Sets the shim of CoinBox.get_HalfDollarCount()</summary>
        </member>
        <member name="P:_06._0_Console_As_Library.Fakes.ShimCoinBox.AllInstances.NickelCountGet">
            <summary>Sets the shim of CoinBox.get_NickelCount()</summary>
        </member>
        <member name="P:_06._0_Console_As_Library.Fakes.ShimCoinBox.AllInstances.QuarterCountGet">
            <summary>Sets the shim of CoinBox.get_QuarterCount()</summary>
        </member>
        <member name="P:_06._0_Console_As_Library.Fakes.ShimCoinBox.AllInstances.SlugCountGet">
            <summary>Sets the shim of CoinBox.get_SlugCount()</summary>
        </member>
        <member name="P:_06._0_Console_As_Library.Fakes.ShimCoinBox.AllInstances.TransferCoinBox">
            <summary>Sets the shim of CoinBox.Transfer(CoinBox Destination)</summary>
        </member>
        <member name="P:_06._0_Console_As_Library.Fakes.ShimCoinBox.AllInstances.TransferCoinBoxDecimalBoolean">
            <summary>Sets the shim of CoinBox.Transfer(CoinBox Destination, Decimal Amount, Boolean ExceedIfRequired)</summary>
        </member>
        <member name="P:_06._0_Console_As_Library.Fakes.ShimCoinBox.AllInstances.ValueOfGet">
            <summary>Sets the shim of CoinBox.get_ValueOf()</summary>
        </member>
        <member name="P:_06._0_Console_As_Library.Fakes.ShimCoinBox.AllInstances.WithdrawCoinDenomination">
            <summary>Sets the shim of CoinBox.Withdraw(Denomination ACoinDenomination)</summary>
        </member>
        <member name="P:_06._0_Console_As_Library.Fakes.ShimCoinBox.AllInstances.WithdrawDecimal">
            <summary>Sets the shim of CoinBox.Withdraw(Decimal AmountToRemove)</summary>
        </member>
        <member name="P:_06._0_Console_As_Library.Fakes.ShimCoinBox.AllInstances.coinCountCoinDenomination">
            <summary>Sets the shim of CoinBox.coinCount(Denomination denominationEnumeral)</summary>
        </member>
        <member name="P:_06._0_Console_As_Library.Fakes.ShimCoinBox.AllInstances.removeCoinDenomiationDecimalCoinDenomination">
            <summary>Sets the shim of CoinBox.removeCoinDenomiation(Decimal AmountToRemove, Denomination denominationEnumeral)</summary>
        </member>
        <member name="T:_06._0_Console_As_Library.Fakes.ShimFlavorOps">
            <summary>Shim type of _06._0_Console_As_Library.FlavorOps</summary>
        </member>
        <member name="M:_06._0_Console_As_Library.Fakes.ShimFlavorOps.#ctor">
            <summary>Initializes a new shim instance</summary>
        </member>
        <member name="M:_06._0_Console_As_Library.Fakes.ShimFlavorOps.BehaveAsCurrent">
            <summary>Assigns the &apos;Current&apos; behavior for all methods of the shimmed type</summary>
        </member>
        <member name="M:_06._0_Console_As_Library.Fakes.ShimFlavorOps.BehaveAsNotImplemented">
            <summary>Assigns the &apos;NotImplemented&apos; behavior for all methods of the shimmed type</summary>
        </member>
        <member name="P:_06._0_Console_As_Library.Fakes.ShimFlavorOps.AllFlavorsGet">
            <summary>Sets the shim of FlavorOps.get_AllFlavors()</summary>
        </member>
        <member name="P:_06._0_Console_As_Library.Fakes.ShimFlavorOps.Behavior">
            <summary>Assigns the behavior for all methods of the shimmed type</summary>
        </member>
        <member name="P:_06._0_Console_As_Library.Fakes.ShimFlavorOps.StaticConstructor">
            <summary>Sets the shim of FlavorOps.FlavorOps()</summary>
        </member>
        <member name="P:_06._0_Console_As_Library.Fakes.ShimFlavorOps.ToFlavorString">
            <summary>Sets the shim of FlavorOps.ToFlavor(String FlavorName)</summary>
        </member>
        <member name="T:_06._0_Console_As_Library.Fakes.ShimPurchasePrice">
            <summary>Shim type of _06._0_Console_As_Library.PurchasePrice</summary>
        </member>
        <member name="M:_06._0_Console_As_Library.Fakes.ShimPurchasePrice.#ctor">
            <summary>Initializes a new shim instance</summary>
        </member>
        <member name="M:_06._0_Console_As_Library.Fakes.ShimPurchasePrice.#ctor(_06._0_Console_As_Library.PurchasePrice)">
            <summary>Initializes a new shim for the given instance</summary>
        </member>
        <member name="M:_06._0_Console_As_Library.Fakes.ShimPurchasePrice.BehaveAsCurrent">
            <summary>Assigns the &apos;Current&apos; behavior for all methods of the shimmed type</summary>
        </member>
        <member name="M:_06._0_Console_As_Library.Fakes.ShimPurchasePrice.BehaveAsNotImplemented">
            <summary>Assigns the &apos;NotImplemented&apos; behavior for all methods of the shimmed type</summary>
        </member>
        <member name="P:_06._0_Console_As_Library.Fakes.ShimPurchasePrice.Behavior">
            <summary>Assigns the behavior for all methods of the shimmed type</summary>
        </member>
        <member name="P:_06._0_Console_As_Library.Fakes.ShimPurchasePrice.Constructor">
            <summary>Sets the shim of PurchasePrice.PurchasePrice()</summary>
        </member>
        <member name="P:_06._0_Console_As_Library.Fakes.ShimPurchasePrice.ConstructorDecimal">
            <summary>Sets the shim of PurchasePrice.PurchasePrice(Decimal initialPrice)</summary>
        </member>
        <member name="P:_06._0_Console_As_Library.Fakes.ShimPurchasePrice.ConstructorInt32">
            <summary>Sets the shim of PurchasePrice.PurchasePrice(Int32 initialPrice)</summary>
        </member>
        <member name="P:_06._0_Console_As_Library.Fakes.ShimPurchasePrice.PriceDecimalGet">
            <summary>Sets the shim of PurchasePrice.get_PriceDecimal()</summary>
        </member>
        <member name="P:_06._0_Console_As_Library.Fakes.ShimPurchasePrice.PriceGet">
            <summary>Sets the shim of PurchasePrice.get_Price()</summary>
        </member>
        <member name="T:_06._0_Console_As_Library.Fakes.ShimPurchasePrice.AllInstances">
            <summary>Define shims for all instances members</summary>
        </member>
        <member name="P:_06._0_Console_As_Library.Fakes.ShimPurchasePrice.AllInstances.PriceDecimalGet">
            <summary>Sets the shim of PurchasePrice.get_PriceDecimal()</summary>
        </member>
        <member name="P:_06._0_Console_As_Library.Fakes.ShimPurchasePrice.AllInstances.PriceGet">
            <summary>Sets the shim of PurchasePrice.get_Price()</summary>
        </member>
        <member name="T:_06._0_Console_As_Library.Fakes.ShimVENDBADFLAVORException">
            <summary>Shim type of _06._0_Console_As_Library.VENDBADFLAVORException</summary>
        </member>
        <member name="M:_06._0_Console_As_Library.Fakes.ShimVENDBADFLAVORException.#ctor">
            <summary>Initializes a new shim instance</summary>
        </member>
        <member name="M:_06._0_Console_As_Library.Fakes.ShimVENDBADFLAVORException.#ctor(_06._0_Console_As_Library.VENDBADFLAVORException)">
            <summary>Initializes a new shim for the given instance</summary>
        </member>
        <member name="M:_06._0_Console_As_Library.Fakes.ShimVENDBADFLAVORException.BehaveAsCurrent">
            <summary>Assigns the &apos;Current&apos; behavior for all methods of the shimmed type</summary>
        </member>
        <member name="M:_06._0_Console_As_Library.Fakes.ShimVENDBADFLAVORException.BehaveAsNotImplemented">
            <summary>Assigns the &apos;NotImplemented&apos; behavior for all methods of the shimmed type</summary>
        </member>
        <member name="M:_06._0_Console_As_Library.Fakes.ShimVENDBADFLAVORException.Bind(System.Runtime.Serialization.ISerializable)">
            <summary>Binds the members of the interface to the shim.</summary>
        </member>
        <member name="P:_06._0_Console_As_Library.Fakes.ShimVENDBADFLAVORException.Behavior">
            <summary>Assigns the behavior for all methods of the shimmed type</summary>
        </member>
        <member name="P:_06._0_Console_As_Library.Fakes.ShimVENDBADFLAVORException.Constructor">
            <summary>Sets the shim of VENDBADFLAVORException.VENDBADFLAVORException()</summary>
        </member>
        <member name="P:_06._0_Console_As_Library.Fakes.ShimVENDBADFLAVORException.ConstructorStringString">
            <summary>Sets the shim of VENDBADFLAVORException.VENDBADFLAVORException(String Message, String BadFlavorString)</summary>
        </member>
        <member name="T:_06._0_Console_As_Library.Fakes.ShimVENDBADFLAVORException.AllInstances">
            <summary>Define shims for all instances members</summary>
        </member>
        <member name="T:_06._0_Console_As_Library.Fakes.StubCan">
            <summary>Stub type of _06._0_Console_As_Library.Can</summary>
        </member>
        <member name="M:_06._0_Console_As_Library.Fakes.StubCan.#ctor">
            <summary>Initializes a new instance</summary>
        </member>
        <member name="M:_06._0_Console_As_Library.Fakes.StubCan.#ctor(_06._0_Console_As_Library.Flavor)">
            <summary>Initializes a new instance</summary>
        </member>
        <member name="M:_06._0_Console_As_Library.Fakes.StubCan.InitializeStub">
            <summary>Initializes a new instance of type StubCan</summary>
        </member>
        <member name="P:_06._0_Console_As_Library.Fakes.StubCan.CallBase">
            <summary>Gets or sets a value that indicates if the base method should be called instead of the fallback behavior</summary>
        </member>
        <member name="P:_06._0_Console_As_Library.Fakes.StubCan.InstanceBehavior">
            <summary>Gets or sets the instance behavior.</summary>
        </member>
        <member name="P:_06._0_Console_As_Library.Fakes.StubCan.InstanceObserver">
            <summary>Gets or sets the instance observer.</summary>
        </member>
        <member name="T:_06._0_Console_As_Library.Fakes.StubCanRack">
            <summary>Stub type of _06._0_Console_As_Library.CanRack</summary>
        </member>
        <member name="M:_06._0_Console_As_Library.Fakes.StubCanRack.#ctor">
            <summary>Initializes a new instance</summary>
        </member>
        <member name="M:_06._0_Console_As_Library.Fakes.StubCanRack.InitializeStub">
            <summary>Initializes a new instance of type StubCanRack</summary>
        </member>
        <member name="P:_06._0_Console_As_Library.Fakes.StubCanRack.CallBase">
            <summary>Gets or sets a value that indicates if the base method should be called instead of the fallback behavior</summary>
        </member>
        <member name="P:_06._0_Console_As_Library.Fakes.StubCanRack.InstanceBehavior">
            <summary>Gets or sets the instance behavior.</summary>
        </member>
        <member name="P:_06._0_Console_As_Library.Fakes.StubCanRack.InstanceObserver">
            <summary>Gets or sets the instance observer.</summary>
        </member>
        <member name="T:_06._0_Console_As_Library.Fakes.StubCoin">
            <summary>Stub type of _06._0_Console_As_Library.Coin</summary>
        </member>
        <member name="M:_06._0_Console_As_Library.Fakes.StubCoin.#ctor">
            <summary>Initializes a new instance</summary>
        </member>
        <member name="M:_06._0_Console_As_Library.Fakes.StubCoin.#ctor(System.Decimal)">
            <summary>Initializes a new instance</summary>
        </member>
        <member name="M:_06._0_Console_As_Library.Fakes.StubCoin.#ctor(_06._0_Console_As_Library.Coin.Denomination)">
            <summary>Initializes a new instance</summary>
        </member>
        <member name="M:_06._0_Console_As_Library.Fakes.StubCoin.#ctor(System.String)">
            <summary>Initializes a new instance</summary>
        </member>
        <member name="M:_06._0_Console_As_Library.Fakes.StubCoin.InitializeStub">
            <summary>Initializes a new instance of type StubCoin</summary>
        </member>
        <member name="M:_06._0_Console_As_Library.Fakes.StubCoin.ToString">
            <summary>Sets the stub of Coin.ToString()</summary>
        </member>
        <member name="F:_06._0_Console_As_Library.Fakes.StubCoin.ToString01">
            <summary>Sets the stub of Coin.ToString()</summary>
        </member>
        <member name="P:_06._0_Console_As_Library.Fakes.StubCoin.CallBase">
            <summary>Gets or sets a value that indicates if the base method should be called instead of the fallback behavior</summary>
        </member>
        <member name="P:_06._0_Console_As_Library.Fakes.StubCoin.InstanceBehavior">
            <summary>Gets or sets the instance behavior.</summary>
        </member>
        <member name="P:_06._0_Console_As_Library.Fakes.StubCoin.InstanceObserver">
            <summary>Gets or sets the instance observer.</summary>
        </member>
        <member name="T:_06._0_Console_As_Library.Fakes.StubCoinBox">
            <summary>Stub type of _06._0_Console_As_Library.CoinBox</summary>
        </member>
        <member name="M:_06._0_Console_As_Library.Fakes.StubCoinBox.#ctor">
            <summary>Initializes a new instance</summary>
        </member>
        <member name="M:_06._0_Console_As_Library.Fakes.StubCoinBox.#ctor(System.Collections.Generic.List{_06._0_Console_As_Library.Coin})">
            <summary>Initializes a new instance</summary>
        </member>
        <member name="M:_06._0_Console_As_Library.Fakes.StubCoinBox.InitializeStub">
            <summary>Initializes a new instance of type StubCoinBox</summary>
        </member>
        <member name="P:_06._0_Console_As_Library.Fakes.StubCoinBox.CallBase">
            <summary>Gets or sets a value that indicates if the base method should be called instead of the fallback behavior</summary>
        </member>
        <member name="P:_06._0_Console_As_Library.Fakes.StubCoinBox.InstanceBehavior">
            <summary>Gets or sets the instance behavior.</summary>
        </member>
        <member name="P:_06._0_Console_As_Library.Fakes.StubCoinBox.InstanceObserver">
            <summary>Gets or sets the instance observer.</summary>
        </member>
        <member name="T:_06._0_Console_As_Library.Fakes.StubPurchasePrice">
            <summary>Stub type of _06._0_Console_As_Library.PurchasePrice</summary>
        </member>
        <member name="M:_06._0_Console_As_Library.Fakes.StubPurchasePrice.#ctor">
            <summary>Initializes a new instance</summary>
        </member>
        <member name="M:_06._0_Console_As_Library.Fakes.StubPurchasePrice.#ctor(System.Decimal)">
            <summary>Initializes a new instance</summary>
        </member>
        <member name="M:_06._0_Console_As_Library.Fakes.StubPurchasePrice.#ctor(System.Int32)">
            <summary>Initializes a new instance</summary>
        </member>
        <member name="M:_06._0_Console_As_Library.Fakes.StubPurchasePrice.InitializeStub">
            <summary>Initializes a new instance of type StubPurchasePrice</summary>
        </member>
        <member name="P:_06._0_Console_As_Library.Fakes.StubPurchasePrice.CallBase">
            <summary>Gets or sets a value that indicates if the base method should be called instead of the fallback behavior</summary>
        </member>
        <member name="P:_06._0_Console_As_Library.Fakes.StubPurchasePrice.InstanceBehavior">
            <summary>Gets or sets the instance behavior.</summary>
        </member>
        <member name="P:_06._0_Console_As_Library.Fakes.StubPurchasePrice.InstanceObserver">
            <summary>Gets or sets the instance observer.</summary>
        </member>
        <member name="T:_06._0_Console_As_Library.Fakes.StubVENDBADFLAVORException">
            <summary>Stub type of _06._0_Console_As_Library.VENDBADFLAVORException</summary>
        </member>
        <member name="M:_06._0_Console_As_Library.Fakes.StubVENDBADFLAVORException.#ctor">
            <summary>Initializes a new instance</summary>
        </member>
        <member name="M:_06._0_Console_As_Library.Fakes.StubVENDBADFLAVORException.#ctor(System.String,System.String)">
            <summary>Initializes a new instance</summary>
        </member>
        <member name="M:_06._0_Console_As_Library.Fakes.StubVENDBADFLAVORException.AttachBackingFieldToHelpLink">
            <summary>Attaches delegates to emulate StubVENDBADFLAVORException.HelpLink as a property with a backing field.</summary>
        </member>
        <member name="M:_06._0_Console_As_Library.Fakes.StubVENDBADFLAVORException.AttachBackingFieldToSource">
            <summary>Attaches delegates to emulate StubVENDBADFLAVORException.Source as a property with a backing field.</summary>
        </member>
        <member name="F:_06._0_Console_As_Library.Fakes.StubVENDBADFLAVORException.DataGet">
            <summary>Sets the stub of Exception.get_Data()</summary>
        </member>
        <member name="M:_06._0_Console_As_Library.Fakes.StubVENDBADFLAVORException.GetBaseException">
            <summary>Sets the stub of Exception.GetBaseException()</summary>
        </member>
        <member name="F:_06._0_Console_As_Library.Fakes.StubVENDBADFLAVORException.GetBaseException01">
            <summary>Sets the stub of Exception.GetBaseException()</summary>
        </member>
        <member name="M:_06._0_Console_As_Library.Fakes.StubVENDBADFLAVORException.GetObjectData(System.Runtime.Serialization.SerializationInfo,System.Runtime.Serialization.StreamingContext)">
            <summary>Sets the stub of Exception.GetObjectData(SerializationInfo info, StreamingContext context)</summary>
        </member>
        <member name="F:_06._0_Console_As_Library.Fakes.StubVENDBADFLAVORException.GetObjectDataSerializationInfoStreamingContext">
            <summary>Sets the stub of Exception.GetObjectData(SerializationInfo info, StreamingContext context)</summary>
        </member>
        <member name="F:_06._0_Console_As_Library.Fakes.StubVENDBADFLAVORException.HelpLinkGet">
            <summary>Sets the stub of Exception.get_HelpLink()</summary>
        </member>
        <member name="F:_06._0_Console_As_Library.Fakes.StubVENDBADFLAVORException.HelpLinkSetString">
            <summary>Sets the stub of Exception.set_HelpLink(String value)</summary>
        </member>
        <member name="M:_06._0_Console_As_Library.Fakes.StubVENDBADFLAVORException.InitializeStub">
            <summary>Initializes a new instance of type StubVENDBADFLAVORException</summary>
        </member>
        <member name="F:_06._0_Console_As_Library.Fakes.StubVENDBADFLAVORException.MessageGet">
            <summary>Sets the stub of Exception.get_Message()</summary>
        </member>
        <member name="F:_06._0_Console_As_Library.Fakes.StubVENDBADFLAVORException.SourceGet">
            <summary>Sets the stub of Exception.get_Source()</summary>
        </member>
        <member name="F:_06._0_Console_As_Library.Fakes.StubVENDBADFLAVORException.SourceSetString">
            <summary>Sets the stub of Exception.set_Source(String value)</summary>
        </member>
        <member name="F:_06._0_Console_As_Library.Fakes.StubVENDBADFLAVORException.StackTraceGet">
            <summary>Sets the stub of Exception.get_StackTrace()</summary>
        </member>
        <member name="M:_06._0_Console_As_Library.Fakes.StubVENDBADFLAVORException.ToString">
            <summary>Sets the stub of Exception.ToString()</summary>
        </member>
        <member name="F:_06._0_Console_As_Library.Fakes.StubVENDBADFLAVORException.ToString01">
            <summary>Sets the stub of Exception.ToString()</summary>
        </member>
        <member name="P:_06._0_Console_As_Library.Fakes.StubVENDBADFLAVORException.CallBase">
            <summary>Gets or sets a value that indicates if the base method should be called instead of the fallback behavior</summary>
        </member>
        <member name="P:_06._0_Console_As_Library.Fakes.StubVENDBADFLAVORException.Data">
            <summary>Sets the stub of Exception.get_Data()</summary>
        </member>
        <member name="P:_06._0_Console_As_Library.Fakes.StubVENDBADFLAVORException.HelpLink">
            <summary>Sets the stub of Exception.get_HelpLink()</summary>
        </member>
        <member name="P:_06._0_Console_As_Library.Fakes.StubVENDBADFLAVORException.InstanceBehavior">
            <summary>Gets or sets the instance behavior.</summary>
        </member>
        <member name="P:_06._0_Console_As_Library.Fakes.StubVENDBADFLAVORException.InstanceObserver">
            <summary>Gets or sets the instance observer.</summary>
        </member>
        <member name="P:_06._0_Console_As_Library.Fakes.StubVENDBADFLAVORException.Message">
            <summary>Sets the stub of Exception.get_Message()</summary>
        </member>
        <member name="P:_06._0_Console_As_Library.Fakes.StubVENDBADFLAVORException.Source">
            <summary>Sets the stub of Exception.get_Source()</summary>
        </member>
        <member name="P:_06._0_Console_As_Library.Fakes.StubVENDBADFLAVORException.StackTrace">
            <summary>Sets the stub of Exception.get_StackTrace()</summary>
        </member>
    </members>
</doc>
